IF OBJECT_ID('CUSTOMER', 'U') IS NOT NULL DROP TABLE CUSTOMER;
IF OBJECT_ID('DRIVER', 'U') IS NOT NULL DROP TABLE DRIVER;
IF OBJECT_ID('PAKAGE', 'U') IS NOT NULL DROP TABLE PAKAGE;

CREATE TABLE CUSTOMER
(
CUSTOMER_ID NUMERIC PRIMARY KEY,
CNAME VARCHAR(20) NOT NULL,
CADRESS VARCHAR(100) NOT NULL,
CPHONE_NUM VARCHAR(12),
CE_MAIL VARCHAR(100) NOT NULL
);

INSERT INTO CUSTOMER VALUES (0001,'Kovács Katalin','Deák tér 25','20/9837672','kovkat_20@gmail.com');
INSERT INTO CUSTOMER VALUES (0002,'Kiss János','Moszkva tér 4','30/2453459','k.janos32@freemail.hu');
INSERT INTO CUSTOMER VALUES (0003,'Nagy Sándor','Plútó út 6','30/6378563','nagys45@gmail.com');
INSERT INTO CUSTOMER VALUES (0004,'Hamvasy Péter','Mecseki út 3','70/7362963','hamy_peti3@hotmail.com');
INSERT INTO CUSTOMER VALUES (0005,'László Leó','Szent István út 345','20/7452093','leolali_87@freemail.hu');
INSERT INTO CUSTOMER VALUES (0006,'Tóth Emese','Szarka út 43','30/5087462','temese322@gmail.com');
INSERT INTO CUSTOMER VALUES (0007,'Szölösy Koppány','Fortuna köz 2','30/7920723','szölösy.kopp@gmail.com');
INSERT INTO CUSTOMER VALUES (0008,'Vágner Bertalan','Fillér utca 15','20/8164394','vagber43@gmail.com');
INSERT INTO CUSTOMER VALUES (0009,'Gyarmathi Dóra','Zöldkő utca 30','30/3462158','gyarmathid@freemail.hu');
INSERT INTO CUSTOMER VALUES (0010,'Tóth Erika','Halom út 41','70/0678312','t.erika433@hotmail.com');
INSERT INTO CUSTOMER VALUES (0011,'Ferenc Endre','Gogol utca 3','20/8629062','f.endre_54@gmail.com');
INSERT INTO CUSTOMER VALUES (0012,'Sipos János','Lőportár út 163','70/6520963','sipijani534@gmail.com');

CREATE TABLE DRIVER
(
DRIVER_ID NUMERIC PRIMARY KEY,
DNAME VARCHAR(20) NOT NULL,
DADRESS VARCHAR(100) NOT NULL,
DBIRTH_DATE DATETIME NOT NULL,
DLICENCE_PLATE VARCHAR(6) NOT NULL,
DPHONE_NUM VARCHAR(12)
);

INSERT INTO DRIVER VALUES(0001,'Pici Joe','Völgy útca 15','1975.05.23','TMP349','30/6490635');
INSERT INTO DRIVER VALUES(0002,'Szabó Károly','Szent Miklósi út 156','1969.04.12','GNC834','30/7361973');
INSERT INTO DRIVER VALUES(0003,'Schütz Miklós','Vezeték út 32','1983.08.03','KDH648','30/6392645');

CREATE TABLE PAKAGE
(
PAKAGE_ID NUMERIC PRIMARY KEY,
PSIZE VARCHAR(6) CHECK(PSIZE = 'SMALL' OR PSIZE = 'MEDIUM' OR PSIZE = 'LARGE'),
PWEIGHT NUMERIC CHECK(PWEIGHT <= 40),
PSENDER_ID NUMERIC REFERENCES dbo.CUSTOMER(CUSTOMER_ID),
PRECEIVER_ID NUMERIC REFERENCES dbo.CUSTOMER(CUSTOMER_ID),
PDRIVER_ID NUMERIC REFERENCES dbo.DRIVER(DRIVER_ID)
);

INSERT INTO PAKAGE VALUES(0001,'SMALL',1,0003,0001,0003);
INSERT INTO PAKAGE VALUES(0002,'MEDIUM',15,0001,0003,0001);
INSERT INTO PAKAGE VALUES(0003,'SMALL',3,0005,0006,0002);
INSERT INTO PAKAGE VALUES(0004,'LARGE',30,0006,0004,0002);
INSERT INTO PAKAGE VALUES(0005,'MEDIUM',10,0004,0002,0001);
INSERT INTO PAKAGE VALUES(0006,'LARGE',35,0002,0005,0003);